3.6549523,51.0475572,
3.7276286,51.0395833,
3.7021672,51.0336896,
3.7025513,51.0336573,
3.7140445,51.0497275,
3.7055871,51.0315422,
3.7114173,51.0332702,
3.7076180,51.0477471,
3.7265222,51.0444192,
3.7251985,51.0440297,
3.7023440,51.0316746,
3.7007388,51.0554417,
3.7257949,51.0381137,
3.7137043,51.0314574,
3.7339299,51.0488526,60
3.7335666,51.0538282,72
3.7119943,51.0357937,
3.7115064,51.0404545,5
3.7309578,51.0477007,
3.7309443,51.0476131,
3.7288811,51.0239171,
3.7288697,51.0247512,
3.7114545,51.0417239,10
3.7121683,51.0470280,
3.7138279,51.0461566,
3.7276861,51.0400442,
3.7114635,51.0407057,20
3.7150427,51.0379225,10
3.7133610,51.0388889,5
3.7144983,51.0381451,5
3.7140932,51.0384015,20
3.7129281,51.0394737,
3.7145969,51.0454742,20
3.7272757,51.0481559,
3.7245387,51.0441897,
3.7243433,51.0444417,
3.7247587,51.0504535,
3.7240934,51.0510797,
3.7223312,51.0301056,10
3.7144163,51.0466646,
3.7119140,51.0434375,
3.7212597,51.0539251,200
3.7096370,51.0504109,
3.7267911,51.0243646,
3.7247728,51.0235182,
3.7257489,51.0255459,
3.7285236,51.0235919,
3.7256693,51.0228034,
3.7291243,51.0244712,
3.7270421,51.0489599,
3.7116973,51.0376577,
3.7258611,51.0395763,
3.7221202,51.0544279,
3.7263277,51.0544054,
3.7281825,51.0514219,10
3.7230570,51.0499625,30
3.7172922,51.0545276,20
3.7349995,51.0498106,50
3.7302599,51.0499504,
3.7324914,51.0497451,20
3.7275696,51.0561014,
3.7286076,51.0566560,10
3.7238654,51.0578936,
3.7258315,51.0580470,10
3.7247935,51.0597277,
3.7260514,51.0566629,80
3.7253433,51.0574552,60
3.7109077,51.0601795,
3.7044167,51.0589607,
3.7094684,51.0372044,
3.7143376,51.0488560,
3.6774064,51.0776637,5
3.7178377,51.0406888,
3.7626394,51.1001468,
3.7640370,51.0200794,
3.7014123,51.0545390,
3.7353734,51.0364901,
3.7290535,51.0450876,
3.7244347,51.0401313,
3.7138526,51.0403418,14
3.7144909,51.0407466,
3.7157770,51.0409616,10
3.7227198,51.0426386,
3.7141001,51.0626914,
3.6919398,51.0443366,90
3.6837104,51.0453150,
3.7284236,51.0237723,
3.7336926,51.0472983,
3.7237052,51.0540827,100
3.7000535,51.0639993,10
3.8402155,51.0284015,
3.8496945,51.0295503,
3.8401082,51.0281063,
3.8505897,51.0301678,
3.8505226,51.0305676,
3.7273368,51.0474650,460
3.7362916,51.0152483,534
3.8137946,51.0350477,4
3.8189007,51.0131920,2
3.8106251,51.0169067,2
3.8030505,51.0331093,10
3.8323137,51.0335229,6
3.7140823,51.0590542,
3.7597436,51.0593234,
3.7620935,51.0599557,
3.7608763,51.0602260,
3.6998311,51.0337215,
3.6979197,51.0642790,
3.6978585,51.0642029,
3.7260434,51.0460775,10
3.7088900,51.0609677,
3.7088929,51.0602509,
3.7071772,51.0594588,
3.7065978,51.0599123,
3.7077341,51.0609357,
3.7463650,51.0474420,6
3.7473464,51.0477261,4
3.7468012,51.0475792,8
3.7504507,51.0344648,5
3.7024344,51.0674719,
3.7275847,51.0427147,
3.7492466,51.0300385,5
3.7480826,51.0314304,5
3.6543020,51.0471808,
3.7230186,51.0498399,20
3.7227330,51.0498896,20
3.7209497,51.0503834,20
3.7221878,51.0521930,20
3.7222825,51.0522420,20
3.7251867,51.0547495,40
3.7202322,51.0560045,8
3.7972939,51.0373700,4
3.7202425,51.0504101,20
3.6808498,51.0462006,
3.8252897,51.0333586,6
3.7462718,51.0475543,6
3.7316864,51.0473054,10
3.7430762,51.0486613,5
3.7490239,51.0477256,5
3.7122571,51.0269118,
3.7140904,51.0371614,
3.7219448,51.0426973,
3.7224812,51.0435607,
3.7223712,51.0432943,
3.7064362,51.0377794,
3.7299164,51.0477391,
3.7444404,51.0382409,10
3.7169776,51.0429335,
3.7156120,51.0451708,100
3.7310308,51.0412916,
3.7402108,51.0417091,7
3.7396808,51.0418531,
3.7720126,51.0391115,
3.7583169,51.0275704,
3.7206663,51.0369871,
3.8093606,51.0956900,
3.7304212,51.0263986,
3.7084763,51.0604901,
3.6892403,51.0235576,
3.7130133,51.0468689,
3.7200933,51.0412320,
3.7097601,51.0595524,
3.7080732,51.0593177,
3.7081764,51.0606398,
3.6997189,51.0335956,
3.6956836,51.0360325,
3.7187145,51.0222978,
3.7109454,51.0266589,
3.6986086,51.0581824,
3.6975873,51.0590163,
3.6972842,51.0589219,
3.6992432,51.0599285,
3.7013948,51.0585296,
3.6995336,51.0575912,
3.7003315,51.0571756,
3.6999847,51.0608583,5
3.6998642,51.0608993,
3.6994441,51.0605032,
3.6638890,51.0677317,10
3.6742960,51.0539716,10
3.6828547,51.0671165,30
3.6862931,51.0578914,8
3.6865827,51.0657643,12
3.6664694,51.0671903,4
3.6831128,51.0671464,20
3.7065962,51.0416002,
3.7069757,51.0417123,5
3.7068175,51.0417865,10
3.7064460,51.0416626,
3.7103664,51.0423409,10
3.7283693,51.0490149,
3.7080762,51.0420507,
3.7083699,51.0421392,
3.7289814,51.0251238,
3.7303154,51.0228614,
3.7239934,51.0231347,
3.7240940,51.0231744,
3.7240484,51.0228752,
3.7239761,51.0223978,
3.7231728,51.0245040,
3.7242549,51.0252937,
3.7236916,51.0250794,
3.7237342,51.0268595,
3.7245288,51.0253937,
3.7268805,51.0252874,
3.7269860,51.0265203,
3.7267409,51.0272442,
3.7106246,51.0420250,10
3.7148845,51.0407962,20
3.7152807,51.0410966,20
3.7391596,51.0574996,
3.7818805,51.0395517,
3.7806707,51.0363241,
3.7922597,51.0391898,
3.7357139,51.0363617,10
3.6686987,51.0311926,
3.6686584,51.0311665,
3.7124582,51.0704410,
3.7302846,51.0481922,10
3.7201711,51.0615002,
3.7082787,51.0447857,6
3.7081271,51.0448059,23
3.7081037,51.0446862,19
3.7219520,51.0557807,30
3.7186092,51.0469703,
3.7163485,51.0554262,5
3.7263177,51.0357529,
3.7325433,51.0599005,6
3.7321639,51.0599752,6
3.7275242,51.0399536,
3.7164524,51.0552876,
3.7292482,51.0478341,
3.7179956,51.0498573,
3.7174117,51.0647353,
3.7169973,51.0649638,
3.7210976,51.0616392,
3.7189596,51.0538907,
3.7105895,51.0482702,10
3.7252523,51.0540211,
3.7385393,51.0511555,5
3.7302395,51.0481842,10
3.7390840,51.0520323,10
3.7229359,51.0499562,
3.7224721,51.0504710,
3.7303726,51.0482120,
3.7304197,51.0482206,
3.7356260,51.0414847,
3.7094122,51.0485622,
3.7167347,51.0366346,20
3.7328253,51.0676635,
3.7328429,51.0676082,
3.7319848,51.0667112,
3.7204253,51.0421899,20
3.7366804,51.0395379,20
3.7149543,51.0247121,
3.7167337,51.0531769,10
3.7167545,51.0530240,10
3.7162655,51.0489261,
3.7191849,51.0553306,10
3.7045410,51.0197595,60
3.7198760,51.0505609,
3.7158483,51.0661283,
3.7301415,51.0502792,10
3.7300435,51.0502369,20
3.7247716,51.0522349,25
3.7327951,51.0464501,
3.7330402,51.0458889,
3.6891241,51.0653237,
3.6882757,51.0662169,
3.7793272,51.0746019,30
3.6902167,51.0645089,
3.6892746,51.0640978,
3.6510460,51.0478191,
3.7329949,51.0568331,
3.7286033,51.0571004,12
3.7296574,51.0571896,
3.7287019,51.0570724,12
3.7035674,51.0336094,
3.7047285,51.0337911,
3.6921846,51.0578876,
3.6926968,51.0589270,
3.6927326,51.0633783,
3.6896276,51.0623184,
3.6906910,51.0636202,
3.6901701,51.0614720,
3.6911873,51.0585407,
3.7310183,51.0355207,
3.7303248,51.0352243,
3.7291688,51.0348651,
3.7306248,51.0383378,
3.7288600,51.0352736,
3.7305947,51.0353061,
3.7290783,51.0346860,
3.7267275,51.0372258,
3.7709242,51.0541578,
3.7640844,51.0524785,
3.7667626,51.0775100,2
3.7530260,51.0777966,5
3.7102929,51.0503827,
3.7085900,51.0371115,
3.7303063,51.0700642,10
3.7440406,51.0741032,20
3.7306476,51.0385694,36
3.7338500,51.0734908,30
3.7584819,51.0891000,10
3.7477739,51.0685738,6
3.7341850,51.0489231,30
3.8265633,51.0943035,
3.8243876,51.0941921,
3.7551383,51.0627647,
3.8348843,51.0968519,
3.7484455,51.0646684,5
3.7486445,51.0625588,5
3.7483600,51.0635873,10
3.7483382,51.0642777,4
3.7256063,51.0653975,
3.7263100,51.0648760,
3.7254098,51.0659840,
3.7267603,51.0644082,
3.7274393,51.0641975,
3.7246082,51.0620048,
3.7259741,51.0641808,
3.7113512,51.0347977,1672
3.6805196,51.0720301,
3.6804602,51.0721759,
3.7624342,51.0973984,10
3.7630018,51.0981379,10
3.7589415,51.0823966,10
3.7587331,51.0824358,10
3.7572324,51.0799989,10
3.7201555,51.0624235,
3.7196794,51.0618883,
3.7448091,51.0576720,10
3.7429058,51.0538768,10
3.7428521,51.0539995,10
3.7421313,51.0537243,10
3.7509839,51.0625736,14
3.7531881,51.0528533,
3.7532696,51.0531548,10
3.7333147,51.0547729,20
3.7335490,51.0548524,30
3.6644013,51.0503642,10
3.7258120,51.0595202,
3.7432596,51.0548315,
3.6906145,51.0380474,5
3.6909708,51.0382014,
3.7495108,51.0676859,2
3.7495160,51.0676993,5
3.7344849,51.0497172,20
3.7347719,51.0498388,20
3.7364368,51.0484679,
3.7493221,51.0614782,
3.7492208,51.0615743,
3.7482576,51.0634147,5
3.7483496,51.0636357,2
3.7486733,51.0653872,10
3.7487878,51.0663737,5
3.7487826,51.0663603,2
3.7325958,51.0545529,8
3.7333435,51.0553373,10
3.7314279,51.0552049,50
3.7452287,51.0731576,5
3.7293785,51.0677322,10
3.7519199,51.0776687,5
3.7425260,51.0571594,
3.7433804,51.0540487,
3.7479333,51.0526444,
3.7421484,51.0560238,
3.7334559,51.0554111,15
3.7538474,51.0448877,10
3.7479341,51.0711101,4
3.7248521,51.0517580,25
3.7484826,51.0710877,
3.7466537,51.0632107,
3.7452138,51.0609361,10
3.7504117,51.0628183,1
3.6675185,51.0200910,20
3.6678049,51.0200988,20
3.7066330,51.0585177,5
3.6921932,51.0497492,
3.6928467,51.0497039,
3.7173118,51.0499143,
3.7173047,51.0500266,
3.7170096,51.0512732,
3.7203946,51.0521801,
3.7251773,51.0503197,
3.7263152,51.0507147,10
3.7278315,51.0505870,
3.7279299,51.0507783,
3.7309144,51.0535933,
3.7314620,51.0534897,
3.7333534,51.0507759,
3.7332693,51.0505617,
3.7346798,51.0553058,
3.7073778,51.0555973,
3.7037336,51.0542464,
3.7002507,51.0523063,
3.7013152,51.0515273,
3.7022587,51.0508228,
3.7042711,51.0506741,
3.7058863,51.0513841,5
3.7038140,51.0529263,
3.7040243,51.0527259,
3.7042973,51.0524658,
3.7043687,51.0521979,
3.7033202,51.0522138,
3.7031679,51.0524424,
3.7028753,51.0528681,
3.6632500,51.0504914,
3.7454953,51.0373494,40
3.6944283,51.0614574,
3.6849476,51.0685981,
3.6947030,51.0552923,38
3.7208832,51.0585731,
3.7231425,51.0600657,
3.7230812,51.0612774,
3.7219518,51.0596875,
3.7642907,51.0687524,3
3.7744868,51.0670025,
3.7339327,51.0662381,
3.7268097,51.0588334,
3.7261121,51.0585228,
3.7214233,51.0556674,
3.7202103,51.0555488,
3.7246575,51.0571643,
3.7216753,51.0557142,
3.7241886,51.0573754,
3.6613367,51.0158677,12
3.6587644,51.0157551,30
3.7333772,51.0507667,
3.7333224,51.0505971,
3.7201193,51.0560825,
3.7287548,51.0513258,
3.7303928,51.0502064,10
3.7270890,51.0522637,
3.7281096,51.0518564,
3.7291042,51.0510505,
3.7242963,51.0562581,
3.7241571,51.0563196,
3.7244909,51.0561778,
3.7278827,51.0560182,
3.7250103,51.0521757,10
3.7283823,51.0556628,
3.7763326,51.0741711,10
3.7775258,51.0760572,4
3.7783561,51.0754363,18
3.7765419,51.0754475,
3.6622891,51.0501596,10
3.6583162,51.0487198,5
3.7460835,51.0720018,
3.7528776,51.0533571,
3.7472421,51.0383478,
3.7288599,51.0435264,10
3.7288082,51.0618488,
3.7336898,51.0613097,
3.7288810,51.0663419,
3.7290818,51.0664128,
3.7328899,51.0615138,
3.7305863,51.0618258,
3.7320857,51.0615590,
3.6998910,51.0502458,
3.7143680,51.0526218,
3.7781519,51.0745665,40
3.7406221,51.0514849,
3.7422184,51.0580876,
3.7437807,51.0586999,
3.7353140,51.0568502,
3.7323640,51.0401349,10
3.7415075,51.0570405,
3.7303857,51.0398746,10
3.7085758,51.0566160,
3.7326051,51.0431601,20
3.7320435,51.0475266,
3.7319008,51.0474927,
3.6991620,51.0519806,
3.7041206,51.0542686,
3.7083653,51.0572973,
3.7065996,51.0579103,
3.7075161,51.0567159,
3.7004102,51.0534051,
3.6998776,51.0521360,
3.7124247,51.0552998,
3.7121452,51.0554598,
3.7075971,51.0566442,
3.7101765,51.0569444,
3.7102868,51.0570338,
3.7109837,51.0587582,
3.7127537,51.0591296,
3.7117774,51.0573514,
3.7123485,51.0585753,
3.7124656,51.0586317,
3.7102886,51.0569792,
3.7113645,51.0588307,
3.7133154,51.0587742,
3.7130535,51.0586601,
3.7211753,51.0535404,
3.7211433,51.0522533,
3.7042781,51.0509690,
3.7210008,51.0526360,
3.7193507,51.0508256,
3.7191553,51.0508660,
3.7113254,51.0502238,
3.7102507,51.0506259,
3.7060409,51.0512557,
3.7153491,51.0503290,
3.7132224,51.0499773,
3.6969824,51.0650503,
3.6980992,51.0655778,
3.6984751,51.0662243,
3.6976490,51.0670397,
3.6921229,51.0688214,
3.6915285,51.0684570,
3.6976685,51.0671228,
3.6938478,51.0692660,
3.6888278,51.0663466,
3.6979564,51.0654981,
3.7320802,51.0569944,
3.7374926,51.0569560,
3.8158992,51.0465073,
3.7960513,51.0480836,
3.7134372,51.0393882,
3.7158518,51.0399015,
3.7172971,51.0400040,
3.7056937,51.0380213,
3.7127161,51.0382395,
3.7160788,51.0391223,
3.7082397,51.0339946,
3.7126589,51.0381872,
3.7147286,51.0376317,
3.7089639,51.0339884,
3.7061037,51.0379272,
3.7111521,51.0335560,
3.7107197,51.0605702,
3.7117326,51.0599545,
3.7074983,51.0693544,
3.7104063,51.0615439,
3.7097132,51.0571651,
3.7119911,51.0639775,
3.7122997,51.0594464,
3.7121058,51.0594116,
3.7116998,51.0591766,
3.7118854,51.0592845,
3.7052912,51.0526965,
3.7364921,51.0391849,6
3.7364667,51.0392491,15
3.7363810,51.0399647,5
3.7363435,51.0400365,4
3.7363303,51.0400565,5
3.7359389,51.0400159,10
3.7702019,51.0660954,20
3.7357941,51.0524510,
3.7365053,51.0517344,
3.7378502,51.0502278,
3.7380523,51.0488547,
3.7332258,51.0526879,
3.7333904,51.0527534,
3.7353192,51.0533761,
3.7362546,51.0520142,
3.7363396,51.0520881,
3.7371252,51.0509953,
3.7384160,51.0492829,
3.7386147,51.0490234,
3.7340865,51.0538791,
3.7124834,51.0397989,5
3.7132528,51.0403609,5
3.7546275,51.0682101,
3.7223581,51.0481035,
3.7226575,51.0481371,
3.7226475,51.0481727,
3.7254664,51.0477724,
3.7267099,51.0476024,
3.7253176,51.0476011,
3.7271698,51.0477046,
3.7327270,51.0424044,5
3.7326441,51.0423055,5
3.7328282,51.0421774,5
3.7329587,51.0422104,5
3.7330100,51.0423760,5
3.7335283,51.0409841,10
3.7331996,51.0413032,8
3.7331813,51.0413668,8
3.7331563,51.0414309,8
3.7330722,51.0416203,8
3.7329742,51.0401136,10
3.7322178,51.0405072,10
3.7315868,51.0419239,5
3.7312177,51.0418328,5
3.7303209,51.0417201,15
3.7319086,51.0426146,10
3.7326933,51.0397359,10
3.7324532,51.0389653,6
3.7312373,51.0387204,15
3.7305516,51.0392179,10
3.7301414,51.0398564,10
3.7313004,51.0399472,5
3.7348137,51.0403585,5
3.7347095,51.0403801,5
3.7343647,51.0403263,10
3.7347282,51.0404931,5
3.7353032,51.0396199,15
3.7350177,51.0396308,10
3.7356334,51.0389950,10
3.7318278,51.0416106,
3.7339808,51.0390848,15
3.7338336,51.0393493,10
3.7336081,51.0392280,10
3.7317031,51.0383064,5
3.7294672,51.0392541,10
3.7294749,51.0393534,10
3.7294826,51.0394329,5
3.7294980,51.0395258,10
3.7295125,51.0396064,10
3.7295262,51.0396831,10
3.7295432,51.0397680,10
3.7295526,51.0398453,10
3.7295603,51.0399253,10
3.7295740,51.0400054,10
3.7295894,51.0400886,10
3.7294403,51.0411908,8
3.7294194,51.0412625,8
3.7286567,51.0449779,10
3.7287319,51.0458450,15
3.6855958,51.0493482,
3.7178216,51.0423598,
3.7769228,51.0756105,
3.7001978,51.0536196,
3.7291284,51.0386057,10
3.7275735,51.0386398,4
3.7276160,51.0386406,5
3.7253592,51.0388553,5
3.7200078,51.0263722,5
3.7377317,51.0557214,
3.7359782,51.0555457,
3.7357645,51.0554273,
3.7272330,51.0840032,5
3.7308123,51.0807077,10
3.7300240,51.0472117,
3.7308176,51.0456115,
3.7316127,51.0444882,10
3.7328876,51.0470332,
3.7223160,51.0292430,20
3.7350227,51.0506312,90
3.7351102,51.0506229,50
3.7395026,51.0540895,
3.7456716,51.0586213,
3.7165101,51.0391254,
3.7397198,51.0700039,20
3.7375650,51.0724663,10
3.7396918,51.0699219,
3.7392071,51.0695886,
3.7690284,51.0736249,
3.7283537,51.0298857,10
3.7284938,51.0299444,5
3.7291510,51.0300536,5
3.6995337,51.0540636,5
3.6966087,51.0566582,6
3.6966201,51.0564188,6
3.7397301,51.0402795,10
3.7515371,51.0344948,10
3.7540037,51.0377554,5
3.7519213,51.0376185,10
3.7505966,51.0396537,5
3.7486486,51.0412190,5
3.7468469,51.0413542,10
3.7475883,51.0415347,10
3.7484841,51.0422790,10
3.7480656,51.0432043,2
3.7480672,51.0432367,5
3.7439806,51.0408496,6
3.7452240,51.0419596,5
3.7449784,51.0419557,5
3.7433629,51.0417377,5
3.7434454,51.0417944,5
3.7428006,51.0417096,5
3.7439286,51.0359362,5
3.7450339,51.0360645,5
3.7455470,51.0357640,5
3.7460687,51.0351617,5
3.7458343,51.0354306,5
3.7457492,51.0352748,8
3.7466730,51.0326260,10
3.7294083,51.0546549,
3.7263717,51.0561462,
3.7043171,51.0519820,
3.7036494,51.0514957,
3.7637606,51.0375752,20
3.7655460,51.0363839,
3.7313758,51.0732493,20
3.7142543,51.0556108,5
3.7152236,51.0378117,
3.7257866,51.0416520,
3.7300649,51.0706216,
3.7300339,51.0711739,
3.7527913,51.0553905,
3.7324825,51.0744533,
3.7325826,51.0740914,
3.7310653,51.0744766,20
3.7330031,51.0752247,
3.7338942,51.0750077,20
3.7606007,51.0686428,10
3.7613620,51.0697417,10
3.7600984,51.0677292,
3.7510785,51.0599507,
3.7290464,51.0799101,
3.7301931,51.0779616,
3.7294973,51.0793202,
3.7295124,51.0786294,
3.7303437,51.0765634,
3.7301779,51.0759840,
3.7304421,51.0760535,
3.7310251,51.0641135,
3.7326827,51.0595800,
3.7362996,51.0591167,
3.7324521,51.0637461,
3.7338370,51.0636256,
3.7329562,51.0631806,
3.7318724,51.0631856,
3.7307523,51.0632286,
3.7333856,51.0596012,10
3.7314464,51.0597701,
3.7346939,51.0587931,
3.7324653,51.0642591,
3.7296403,51.0607987,
3.7293688,51.0603093,
3.7296725,51.0601358,
3.7306808,51.0598868,
3.7334873,51.0595968,10
3.7479363,51.0607332,
3.7343814,51.0571564,
3.7497247,51.0585177,
3.7751221,51.0980337,
3.7695384,51.0633920,
3.7340445,51.0643260,
3.7346779,51.0558542,
3.7320350,51.0571887,
3.7473006,51.0602750,
3.7352795,51.0616382,
3.7340716,51.0620320,
3.7331704,51.0582178,
3.7346153,51.0522285,
3.7355849,51.0518618,
3.7382133,51.0522803,
3.7388057,51.0523666,
3.7478401,51.0595214,
3.7340321,51.0612220,
3.7361607,51.0512806,
3.7382600,51.0518557,
3.7443845,51.0560880,
3.7442338,51.0569826,
3.7445166,51.0573936,
3.7374238,51.0496815,
3.7377676,51.0490276,
3.6590328,51.0136353,
3.6590958,51.0136370,
3.6591602,51.0136387,
3.6871381,51.0447803,
3.7176918,51.0433044,
3.7131605,51.0364096,350
3.7630850,51.0826442,
3.7629212,51.0819843,
3.7256522,51.0408250,
3.7270468,51.0464487,
3.7230276,51.0441598,
3.7007595,51.0316051,
3.7147083,51.0362296,150
3.7239853,51.0251642,300
3.7093878,51.0347779,
3.7089909,51.0366987,4000
3.7509530,51.0293013,
3.7020940,51.0309075,
3.7299628,51.0264609,
3.7402369,51.0567006,
3.7040105,51.0140632,
3.7039383,51.0139736,
3.7088524,51.0370528,
3.7094328,51.0369550,
3.7083644,51.0367082,
3.7275475,51.0459727,
3.7275089,51.0459759,
3.7255046,51.0461365,
3.7243439,51.0461323,
3.7244066,51.0459809,
3.7241842,51.0459303,
3.7138820,51.0434726,
3.7159469,51.0425886,
3.7242555,51.0406465,
3.7260147,51.0396047,30
3.7102185,51.0242866,
3.7109562,51.0228137,
3.7102850,51.0232970,
3.7106386,51.0225199,
3.7108842,51.0233681,
3.7110605,51.0226874,
3.7106533,51.0233816,
3.7193204,51.0270493,
3.7037773,51.0130772,
3.7291464,51.0656641,100
3.7309785,51.0479859,100
3.7298231,51.0480337,
3.7127616,51.0261500,
3.7157224,51.0266721,
3.7157991,51.0267443,
3.7119295,51.0247478,6
3.7118875,51.0247900,6
3.7357450,51.0528766,10
3.7245258,51.0514903,
3.7246670,51.0514777,
3.7203348,51.0286146,
3.7093022,51.0345207,
3.7101156,51.0346085,2800
3.7243336,51.0459469,
3.7092525,51.0364886,
3.7091642,51.0365865,
3.7092084,51.0365381,
3.7091538,51.0366389,
3.7092874,51.0364485,
3.7088439,51.0367859,
3.7087601,51.0368252,
3.7086962,51.0368679,
3.7086149,51.0369060,3
3.7085441,51.0369473,3
3.7089302,51.0367474,
3.7090075,51.0367088,
3.7090845,51.0366744,
3.7079893,51.0447713,28
3.7410938,51.0581715,
3.7115599,51.0523556,
3.7284228,51.0401344,
3.7285575,51.0401516,
3.7071618,51.0370780,750
3.7102302,51.0370425,30
3.7104332,51.0371961,150
3.7111904,51.0367583,450
3.7096045,51.0375311,110
3.7140315,51.0244291,
3.7140086,51.0243663,
3.7133737,51.0240103,
3.7137518,51.0260918,
3.7175900,51.0521907,
3.7172192,51.0521917,
3.7177303,51.0547289,
3.7334333,51.0296407,
3.6684995,51.0876931,
3.6716232,51.0873703,
3.6992741,51.0497884,
3.6993912,51.0498931,
3.7029115,51.0508020,
3.7095249,51.0130675,126
3.7033508,51.0493091,
3.7245107,51.0459489,
3.7273815,51.0440940,
3.7274307,51.0440825,
3.7282958,51.0444395,
3.7277068,51.0471763,
3.7238672,51.0458494,
3.7118503,51.0358612,400
3.7287223,51.0484848,800
3.7375948,51.0167804,600
3.6821246,51.0667259,
3.7357035,51.0143521,
3.7343861,51.0147036,
3.7369491,51.0132641,
3.7402486,51.0559003,180
3.7401690,51.0554365,700
3.6966905,51.0566573,12
3.6523679,51.0904165,42
3.6602815,51.0726109,10
3.7135888,51.0259252,
3.7169372,51.0270574,
3.7897125,51.0865808,
3.7896588,51.0866540,
3.7899136,51.0867140,
3.7901201,51.0883578,
3.7888506,51.0898306,
3.7889533,51.0897858,
3.7812697,51.0867729,
3.7494705,51.0441043,10
3.7287644,51.0441407,4
3.7124631,51.0546961,
3.7557555,51.1032382,
3.7201531,51.0527981,
3.7244255,51.0365982,
3.7056603,51.0276713,
3.7332817,51.0415217,
3.7329410,51.0395376,10
3.7332343,51.0392827,10
3.7328814,51.0391174,10
3.7320876,51.0390051,10
3.7318214,51.0392612,15
3.7348493,51.0385899,10
3.7350258,51.0387199,10
3.7334770,51.0386518,10
3.7300714,51.0388259,15
3.7293621,51.0415975,10
3.7293313,51.0417222,20
3.7231025,51.0382847,30
3.7239157,51.0386466,30
3.7069415,51.0290437,
3.7573979,51.0359340,5
3.7490320,51.0409429,5
3.7474655,51.0414143,5
3.7467724,51.0429579,5
3.7444381,51.0412940,5
3.7436941,51.0420766,5
3.7432304,51.0418191,5
3.7445872,51.0348515,20
3.7450795,51.0355718,10
3.7471151,51.0337072,
3.7522302,51.0700449,
3.7037169,51.0488691,
3.7506943,51.0296143,
3.6602828,51.0726289,
3.6603088,51.0726053,
3.6602801,51.0725928,
3.6602541,51.0726164,
3.7039578,51.0141008,
3.7040893,51.0140594,
3.7040665,51.0140256,
3.7039317,51.0140693,
3.7038825,51.0140101,
3.7040182,51.0139666,
3.7039954,51.0139370,
3.7038583,51.0139810,
3.7041145,51.0130896,
3.7040282,51.0131180,
3.7040945,51.0132111,
3.7036878,51.0133400,
3.7035472,51.0131631,
3.7035402,51.0131539,
3.7034486,51.0130419,
3.7034401,51.0130327,
3.7038614,51.0128394,
3.7039279,51.0128348,
3.7039130,51.0128144,
3.7093466,51.0130830,
3.7097033,51.0130830,
3.7097033,51.0130520,
3.7093465,51.0130521,
3.7056495,51.0277707,
3.7058168,51.0276567,
3.7056709,51.0275720,
3.7055037,51.0276861,
3.7070412,51.0290075,
3.7069796,51.0289716,
3.7069071,51.0291159,
3.7068419,51.0290844,
3.7069265,51.0291002,
3.7103825,51.0224487,
3.7108420,51.0226410,
3.7110262,51.0228077,
3.7108862,51.0228198,
3.7110237,51.0228267,
3.7104353,51.0223988,
3.7108948,51.0225911,
3.7109778,51.0226292,
3.7109435,51.0226615,
3.7111775,51.0227134,
3.7111432,51.0227456,
3.7108886,51.0228007,
3.7103996,51.0224559,
3.7102549,51.0232662,
3.7102281,51.0232915,
3.7102740,51.0244363,
3.7103283,51.0243265,
3.7127751,51.0263125,
3.7102851,51.0242179,
3.7101738,51.0241369,
3.7103420,51.0233026,
3.7106903,51.0233095,
3.7108385,51.0233334,
3.7103152,51.0233279,
3.7107430,51.0233310,
3.7108165,51.0233534,
3.7109520,51.0233828,
3.7109300,51.0234028,
3.7105637,51.0234322,
3.7106165,51.0234537,
3.7106852,51.0233144,
3.7126777,51.0259406,
3.7125323,51.0259801,
3.7129909,51.0263558,
3.7129785,51.0263594,
3.7156800,51.0268165,
3.7158684,51.0265918,
3.7155314,51.0266932,
3.7155765,51.0267524,
3.7156350,51.0267574,
3.7136366,51.0258871,
3.7134854,51.0259309,
3.7118726,51.0247972,
3.7118837,51.0248016,
3.7119334,51.0247363,
3.7119445,51.0247407,
3.7119146,51.0247550,
3.7119257,51.0247594,
3.7118914,51.0247785,
3.7119024,51.0247829,
3.7140200,51.0244742,
3.7140950,51.0244537,
3.7140428,51.0243841,
3.7139679,51.0244035,
3.7139744,51.0243494,
3.7140050,51.0243399,
3.7140091,51.0243928,
3.7133338,51.0240568,
3.7134576,51.0240140,
3.7134137,51.0239637,
3.7132898,51.0240065,
3.7136854,51.0261203,
3.7138302,51.0260800,
3.7138184,51.0260632,
3.7136735,51.0261035,
3.7136888,51.0258719,
3.7137182,51.0259120,
3.7134888,51.0259784,
3.7134595,51.0259384,
3.7103253,51.0243189,
3.7102389,51.0243325,
3.7102082,51.0242555,
3.7102947,51.0242419,
3.7101087,51.0241722,
3.7102064,51.0244225,
3.7102450,51.0243479,
3.7103125,51.0243617,
3.7101238,51.0241858,
3.7102043,51.0242457,
3.7192584,51.0270027,
3.7192298,51.0270282,
3.7194110,51.0270704,
3.7193823,51.0270960,
3.7159134,51.0266509,
3.7159182,51.0266721,
3.7159632,51.0267313,
3.7203638,51.0285834,
3.7202886,51.0285932,
3.7203811,51.0286361,
3.7203059,51.0286459,
3.7167436,51.0270762,
3.7170813,51.0269739,
3.7171308,51.0270385,
3.7167932,51.0271409,
3.7344343,51.0146268,
3.7346784,51.0146610,
3.7354464,51.0138067,
3.7353740,51.0138144,
3.7340938,51.0147738,
3.7341032,51.0146317,
3.7343143,51.0146290,
3.7345536,51.0146529,
3.7346377,51.0146863,
3.7346209,51.0147804,
3.7357125,51.0147433,
3.7375481,51.0165119,
3.7356847,51.0148975,
3.7359022,51.0148706,
3.7360330,51.0147975,
3.7360119,51.0147151,
3.7370742,51.0133648,
3.7368871,51.0133862,
3.7370067,51.0131420,
3.7368240,51.0131616,
3.7238976,51.0249847,
3.7240307,51.0250413,
3.7242970,51.0251543,
3.7236736,51.0251937,
3.7241886,51.0251083,
3.7241009,51.0253322,
3.7240021,51.0250291,
3.7240192,51.0253390,
3.7240617,51.0253437,
3.7302185,51.0261396,
3.7302912,51.0261670,
3.7296345,51.0267549,
3.7297073,51.0267822,
3.7334824,51.0296078,
3.7333913,51.0295853,
3.7335241,51.0296182,
3.7374851,51.0170490,
3.7379567,51.0169121,
3.7378632,51.0167459,
3.7372330,51.0166960,
3.7509541,51.0293235,
3.7509519,51.0292792,
3.7509802,51.0292873,
3.7509258,51.0293154,
3.7507668,51.0296048,
3.7506438,51.0295756,
3.7506217,51.0296030,
3.6870036,51.0448649,
3.6872882,51.0446957,
3.6873020,51.0447979,
3.6872772,51.0448187,
3.6869632,51.0447638,
3.6873130,51.0447702,
3.7007199,51.0315642,
3.7007870,51.0315600,
3.7007306,51.0316502,
3.7007990,51.0316468,
3.7020220,51.0308520,
3.7021690,51.0308535,
3.7020191,51.0309615,
3.7021661,51.0309630,
3.7091492,51.0346047,
3.7091656,51.0346338,
3.7091493,51.0344376,
3.7091492,51.0344619,
3.7091492,51.0345322,
3.7084387,51.0370063,
3.7085280,51.0365723,
3.7088209,51.0365072,
3.7083596,51.0371096,
3.7067144,51.0372654,
3.7072438,51.0371488,
3.7083087,51.0368442,
3.7082008,51.0366412,
3.7075676,51.0370774,
3.7084338,51.0371407,
3.7084492,51.0371707,
3.7076350,51.0369106,
3.7093009,51.0363997,
3.7091089,51.0364427,
3.7090970,51.0364627,
3.7088573,51.0364990,
3.7088439,51.0365148,
3.7089844,51.0364706,
3.7089697,51.0364893,
3.7087995,51.0365351,
3.7087846,51.0365539,
3.7092176,51.0364183,
3.7092005,51.0364360,
3.7090362,51.0368441,
3.7090488,51.0368282,
3.7086520,51.0367277,
3.7086389,51.0367448,
3.7089040,51.0368768,
3.7089168,51.0368571,
3.7086169,51.0367736,
3.7086035,51.0367910,
3.7088143,51.0369113,
3.7088271,51.0368916,
3.7085780,51.0368244,
3.7085653,51.0368410,
3.7086910,51.0369383,
3.7087038,51.0369186,
3.7085401,51.0368738,
3.7085260,51.0368923,
3.7085864,51.0369717,
3.7085992,51.0369520,
3.7085027,51.0369228,
3.7084890,51.0369406,
3.7091742,51.0368148,
3.7091849,51.0367980,
3.7086886,51.0366800,
3.7086754,51.0366972,
3.7092910,51.0367897,
3.7093022,51.0367741,
3.7087285,51.0366278,
3.7087128,51.0366484,
3.7087611,51.0365852,
3.7087482,51.0366021,
3.7093060,51.0369349,
3.7092208,51.0369477,
3.7083920,51.0370680,
3.7084592,51.0371054,
3.7084530,51.0370937,
3.7084739,51.0371326,
3.7092780,51.0368181,
3.7066900,51.0372227,
3.7076797,51.0369896,
3.7067504,51.0370989,
3.7068685,51.0370729,
3.7068467,51.0370337,
3.7067279,51.0370586,
3.7075207,51.0369358,
3.7074956,51.0368907,
3.7077104,51.0370459,
3.7066133,51.0370839,
3.7118518,51.0359828,
3.7117336,51.0357704,
3.7107129,51.0343324,
3.7145335,51.0361556,
3.7148830,51.0361699,
3.7096264,51.0349039,
3.7094551,51.0345902,
3.7093457,51.0349656,
3.7094847,51.0349351,
3.7148033,51.0361633,
3.7103603,51.0343394,
3.7100816,51.0343473,
3.7118905,51.0357473,
3.7119199,51.0359641,
3.7119669,51.0358831,
3.7107182,51.0346571,
3.7096904,51.0348845,
3.7095129,51.0345905,
3.7094514,51.0344368,
3.7098508,51.0343553,
3.7098558,51.0344589,
3.7099591,51.0344928,
3.7107161,51.0345281,
3.7099657,51.0345763,
3.7118780,51.0359068,
3.7118856,51.0357396,
3.7147625,51.0363012,
3.7131000,51.0364892,
3.7128600,51.0365582,
3.7138074,51.0363524,
3.7136427,51.0362302,
3.7146314,51.0363012,
3.7102698,51.0370140,
3.7102254,51.0370802,
3.7093392,51.0363911,
3.7095597,51.0369531,
3.7093452,51.0370081,
3.7135724,51.0362413,
3.7132695,51.0362965,
3.7148772,51.0363036,
3.7130127,51.0363562,
3.7136320,51.0363801,
3.7127627,51.0364281,
3.7133410,51.0364331,
3.7125135,51.0365038,
3.7127581,51.0365891,
3.7097555,51.0372731,
3.7093491,51.0364091,
3.7093956,51.0365344,
3.7094079,51.0365158,
3.7094844,51.0366545,
3.7094710,51.0366739,
3.7094356,51.0366056,
3.7094471,51.0365870,
3.7095099,51.0367427,
3.7095229,51.0367244,
3.7093594,51.0364787,
3.7093742,51.0364546,
3.7094124,51.0367636,
3.7094208,51.0367496,
3.7095378,51.0369019,
3.7095430,51.0367608,
3.7101905,51.0370710,
3.7102349,51.0370048,
3.7101837,51.0371433,
3.7102044,51.0371143,
3.7106827,51.0372488,
3.7106621,51.0372779,
3.7109086,51.0366108,
3.7108797,51.0366195,
3.7108452,51.0366369,
3.7108258,51.0366574,
3.7107284,51.0368116,
3.7107253,51.0368326,
3.7107337,51.0368506,
3.7107458,51.0368686,
3.7107730,51.0368918,
3.7107982,51.0369095,
3.7108254,51.0369229,
3.7108841,51.0369440,
3.7109890,51.0369587,
3.7111808,51.0369851,
3.7112579,51.0369882,
3.7112864,51.0369847,
3.7113127,51.0369804,
3.7113312,51.0369759,
3.7113630,51.0369660,
3.7114216,51.0369342,
3.7115491,51.0368403,
3.7116185,51.0367887,
3.7116450,51.0367496,
3.7116539,51.0367286,
3.7116569,51.0367053,
3.7116549,51.0366722,
3.7116493,51.0366587,
3.7116329,51.0366372,
3.7116133,51.0366228,
3.7113947,51.0365395,
3.7113545,51.0365292,
3.7113103,51.0365284,
3.7112790,51.0365326,
3.7112022,51.0365491,
3.7109857,51.0365949,
3.7108662,51.0365440,
3.7108185,51.0365581,
3.7107574,51.0365891,
3.7107230,51.0366256,
3.7106162,51.0367946,
3.7106095,51.0368396,
3.7106259,51.0368748,
3.7106458,51.0369044,
3.7106842,51.0369372,
3.7107198,51.0369621,
3.7107614,51.0369827,
3.7108423,51.0370118,
3.7109644,51.0370289,
3.7111650,51.0370565,
3.7112651,51.0370604,
3.7113114,51.0370549,
3.7113479,51.0370490,
3.7113776,51.0370417,
3.7114268,51.0370262,
3.7115028,51.0369850,
3.7116361,51.0368869,
3.7117169,51.0368269,
3.7117534,51.0367730,
3.7117669,51.0367408,
3.7117713,51.0367069,
3.7117687,51.0366616,
3.7117571,51.0366339,
3.7117295,51.0365976,
3.7116907,51.0365692,
3.7114361,51.0364725,
3.7113785,51.0364578,
3.7112999,51.0364562,
3.7112484,51.0364632,
3.7111642,51.0364813,
3.7109509,51.0365265,
3.7098223,51.0372879,
3.7095309,51.0378064,
3.7094641,51.0377915,
3.7093866,51.0377743,
3.7096780,51.0372559,
3.7162562,51.0424343,
3.7162266,51.0424134,
3.7079964,51.0448028,
3.7080394,51.0447989,
3.7080247,51.0447358,
3.7079392,51.0447436,
3.7079539,51.0448068,
3.7034135,51.0491322,
3.7036108,51.0489242,
3.7038377,51.0488277,
3.7035960,51.0489105,
3.7038229,51.0488140,
3.6993790,51.0497292,
3.6993530,51.0497392,
3.6993384,51.0497236,
3.6991399,51.0498030,
3.6991884,51.0498533,
3.6993902,51.0497718,
3.6993778,51.0497576,
3.6994083,51.0497441,
3.6994971,51.0498124,
3.6992295,51.0499193,
3.6992887,51.0499738,
3.6995530,51.0498660,
3.6995165,51.0498310,
3.6995351,51.0498489,
3.7029545,51.0507187,
3.7028174,51.0508666,
3.7028684,51.0508852,
3.7030055,51.0507374,
3.7032881,51.0494859,
3.7030649,51.0492861,
3.7036367,51.0493320,
3.7138980,51.0435432,
3.7137717,51.0434557,
3.7156671,51.0427639,
3.7139922,51.0434894,
3.7156376,51.0427430,
3.7138659,51.0434020,
3.7178813,51.0432591,
3.7175380,51.0433880,
3.7175022,51.0433507,
3.7178450,51.0432208,
3.7124005,51.0547646,
3.7114708,51.0523568,
3.7114701,51.0523365,
3.7116480,51.0523518,
3.7116498,51.0523746,
3.7123267,51.0546608,
3.7124381,51.0546277,
3.7124580,51.0546533,
3.7125294,51.0546333,
3.7125994,51.0547313,
3.7125489,51.0546605,
3.7202661,51.0528203,
3.7177587,51.0521988,
3.7177586,51.0521817,
3.7174213,51.0521826,
3.7174214,51.0521997,
3.7173691,51.0521999,
3.7173690,51.0521827,
3.7170692,51.0521834,
3.7170693,51.0522007,
3.7178062,51.0547622,
3.7176743,51.0546826,
3.7176544,51.0546957,
3.7177862,51.0547753,
3.7200424,51.0527758,
3.7200379,51.0528168,
3.7202683,51.0527779,
3.6822060,51.0667573,
3.6821800,51.0666791,
3.6820433,51.0666945,
3.6820665,51.0667727,
3.6967431,51.0566323,
3.6966475,51.0566378,
3.6967052,51.0566345,
3.6967301,51.0566824,
3.6966379,51.0566723,
3.7334336,51.0296856,
3.7334754,51.0296960,
3.7333426,51.0296631,
3.7255774,51.0410269,
3.7256964,51.0410242,
3.7257269,51.0406232,
3.7256115,51.0406243,
3.7285200,51.0402766,
3.7283773,51.0402420,
3.7239453,51.0386290,
3.7283747,51.0400270,
3.7285897,51.0400266,
3.7250829,51.0413228,
3.7234656,51.0399703,
3.7233476,51.0400310,
3.7251634,51.0412756,
3.7239550,51.0365590,
3.7248994,51.0365823,
3.7258799,51.0395854,
3.7261528,51.0396086,
3.7258766,51.0396007,
3.7261496,51.0396239,
3.7255876,51.0408509,
3.7256440,51.0408530,
3.7256386,51.0409137,
3.7255836,51.0409111,
3.7284710,51.0402418,
3.7284700,51.0400268,
3.7285962,51.0402764,
3.7285188,51.0400267,
3.7230708,51.0383321,
3.7239516,51.0366140,
3.7248959,51.0366373,
3.7238861,51.0386643,
3.7239563,51.0386490,
3.7238751,51.0386443,
3.7230946,51.0382335,
3.7231342,51.0382373,
3.7231104,51.0383359,
3.7332772,51.0415557,
3.7333089,51.0414921,
3.7332862,51.0414876,
3.7332545,51.0415513,
3.7329386,51.0395610,
3.7329638,51.0395191,
3.7329434,51.0395142,
3.7329182,51.0395561,
3.7332752,51.0392841,
3.7332670,51.0392982,
3.7331934,51.0392813,
3.7332017,51.0392672,
3.7328420,51.0391164,
3.7329125,51.0391326,
3.7329207,51.0391185,
3.7328502,51.0391023,
3.7320654,51.0389918,
3.7321182,51.0390045,
3.7321097,51.0390185,
3.7320569,51.0390058,
3.7317822,51.0392136,
3.7318828,51.0392982,
3.7318605,51.0393087,
3.7317599,51.0392240,
3.7348003,51.0385759,
3.7349031,51.0385885,
3.7348983,51.0386039,
3.7347955,51.0385913,
3.7349861,51.0387281,
3.7350534,51.0387002,
3.7350655,51.0387117,
3.7349982,51.0387396,
3.7334534,51.0386734,
3.7334825,51.0386258,
3.7335005,51.0386301,
3.7334714,51.0386778,
3.7300316,51.0388608,
3.7300888,51.0387845,
3.7301112,51.0387911,
3.7300540,51.0388674,
3.7293536,51.0415679,
3.7293848,51.0415710,
3.7293706,51.0416272,
3.7293394,51.0416241,
3.7293361,51.0417695,
3.7293592,51.0416782,
3.7293263,51.0416749,
3.7293033,51.0417662,
3.7446421,51.0348142,
3.7445776,51.0348744,
3.7446215,51.0348055,
3.7445322,51.0348888,
3.7445528,51.0348976,
3.7450443,51.0355586,
3.7451205,51.0355697,
3.7451148,51.0355851,
3.7450386,51.0355740,
3.7470781,51.0336921,
3.7471591,51.0337080,
3.7471519,51.0337224,
3.7470710,51.0337065,
3.7474745,51.0414281,
3.7474795,51.0414023,
3.7474565,51.0414006,
3.7474515,51.0414263,
3.7444167,51.0412861,
3.7444406,51.0413095,
3.7444595,51.0413019,
3.7444355,51.0412785,
3.7437031,51.0420641,
3.7437157,51.0420746,
3.7436850,51.0420892,
3.7436724,51.0420787,
3.7432130,51.0418128,
3.7432349,51.0418314,
3.7432477,51.0418254,
3.7432259,51.0418068,
3.7231202,51.0440620,
3.7229351,51.0440752,
3.7230538,51.0440785,
3.7229918,51.0440806,
3.7230645,51.0442577,
3.7270163,51.0463026,
3.7269954,51.0463049,
3.7270982,51.0465924,
3.7270773,51.0465947,
3.7252701,51.0461459,
3.7241125,51.0461418,
3.7257392,51.0461261,
3.7252703,51.0461246,
3.7241127,51.0461206,
3.7257392,51.0461485,
3.7245754,51.0461228,
3.7245753,51.0461441,
3.7275135,51.0457409,
3.7276070,51.0462024,
3.7275814,51.0462045,
3.7274880,51.0457430,
3.7274750,51.0457441,
3.7274494,51.0457462,
3.7275684,51.0462056,
3.7275429,51.0462077,
3.7241194,51.0458771,
3.7241311,51.0458772,
3.7241294,51.0459751,
3.7242509,51.0459759,
3.7243019,51.0459763,
3.7245113,51.0459778,
3.7241176,51.0459826,
3.7242508,51.0459835,
3.7243018,51.0459839,
3.7245112,51.0459854,
3.7242772,51.0461214,
3.7242085,51.0459240,
3.7244607,51.0459264,
3.7244590,51.0459697,
3.7242065,51.0459690,
3.7245606,51.0459713,
3.7245624,51.0459280,
3.7274315,51.0440250,
3.7274299,51.0441399,
3.7273847,51.0441576,
3.7273783,51.0440304,
3.7274101,51.0440265,
3.7273552,51.0440326,
3.7274513,51.0441384,
3.7274078,51.0441554,
3.7282783,51.0443726,
3.7283132,51.0445065,
3.7283066,51.0443720,
3.7282850,51.0445070,
3.7276876,51.0471345,
3.7277260,51.0472180,
3.7277160,51.0471332,
3.7276976,51.0472194,
3.7238788,51.0459628,
3.7239216,51.0459637,
3.7238100,51.0457352,
3.7239243,51.0457352,
3.7285822,51.0486083,
3.7285943,51.0483883,
3.7287780,51.0483613,
3.7288625,51.0485813,
3.7287715,51.0441625,
3.7287805,51.0441209,
3.7287574,51.0441189,
3.7287483,51.0441605,
3.7300120,51.0479939,
3.7299092,51.0480012,
3.7300121,51.0480217,
3.7296414,51.0480735,
3.7308564,51.0480061,
3.7309027,51.0479254,
3.7311006,51.0479703,
3.7310346,51.0480464,
3.7297685,51.0480189,
3.7296340,51.0480358,
3.7310768,51.0480118,
3.7310570,51.0480073,
3.7246516,51.0513755,
3.7247088,51.0513824,
3.7245527,51.0513949,
3.7244889,51.0513962,
3.7246253,51.0514617,
3.7246825,51.0514686,
3.7246253,51.0515799,
3.7246825,51.0515799,
3.7245627,51.0515844,
3.7244990,51.0515857,
3.7467465,51.0429560,
3.7467848,51.0429723,
3.7467982,51.0429599,
3.7467599,51.0429435,
3.7404938,51.0553868,
3.7401897,51.0552427,
3.7356982,51.0528551,
3.7358027,51.0528737,
3.7356873,51.0528795,
3.7357917,51.0528981,
3.7403582,51.0548731,
3.7400255,51.0552139,
3.7404452,51.0557437,
3.7402015,51.0557249,
3.7404445,51.0557486,
3.7401954,51.0548479,
3.7402847,51.0550521,
3.7404688,51.0550794,
3.7403877,51.0553789,
3.7507353,51.0296531,
3.7573954,51.0359215,
3.7574175,51.0359367,
3.7574005,51.0359464,
3.7573784,51.0359312,
3.7490151,51.0409440,
3.7490351,51.0409323,
3.7490490,51.0409418,
3.7490290,51.0409534,
3.7494524,51.0441304,
3.7495059,51.0440866,
3.7494887,51.0440783,
3.7494351,51.0441221,
3.7291746,51.0657830,
3.7291334,51.0657830,
3.7291182,51.0655451,
3.7291581,51.0655451,
3.7403769,51.0558860,
3.7403563,51.0560756,
3.7401039,51.0560683,
3.7404256,51.0558874,
3.7411298,51.0582283,
3.7401496,51.0565517,
3.7403445,51.0565586,
3.7401293,51.0567648,
3.7403198,51.0568193,
3.7402503,51.0568494,
3.7411520,51.0580619,
3.7410544,51.0580572,
3.7411222,51.0582857,
3.7410355,51.0582851,
3.7398441,51.0559871,
3.7400519,51.0560252,
3.7401287,51.0558651,
3.7401674,51.0558724,
3.7400906,51.0560325,
3.7522367,51.0700777,
3.7521781,51.0700453,
3.7522251,51.0700120,
3.7522823,51.0700448,
3.7629098,51.0820209,
3.7628843,51.0820142,
3.7629317,51.0819478,
3.7629582,51.0819542,
3.6522978,51.0904770,
3.6524608,51.0903697,
3.6524378,51.0903560,
3.6522749,51.0904632,
3.6683443,51.0876854,
3.6683694,51.0876395,
3.6686548,51.0877008,
3.6686298,51.0877468,
3.6684193,51.0876502,
3.6714950,51.0873995,
3.6716479,51.0874335,
3.6717513,51.0873523,
3.6717211,51.0874059,
3.6716698,51.0873945,
3.6715471,51.0873070,
3.7630730,51.0826226,
3.7630903,51.0826669,
3.7630970,51.0826659,
3.7630797,51.0826215,
3.7557362,51.1031568,
3.7558669,51.1031949,
3.7557747,51.1033196,
3.7556440,51.1032815,
3.7811958,51.0868510,
3.7813077,51.0868332,
3.7813247,51.0868904,
3.7814101,51.0868796,
3.7813399,51.0866914,
3.7812583,51.0867021,
3.7812433,51.0866555,
3.7811294,51.0866700,
3.7895309,51.0865574,
3.7898564,51.0866496,
3.7898942,51.0866050,
3.7895635,51.0865121,
3.7894848,51.0866327,
3.7898023,51.0867206,
3.7898328,51.0866775,
3.7895166,51.0865874,
3.7898190,51.0867894,
3.7898863,51.0868085,
3.7900082,51.0866394,
3.7899422,51.0866195,
3.7900816,51.0884020,
3.7901836,51.0883852,
3.7901547,51.0883135,
3.7900565,51.0883296,
3.7888125,51.0898409,
3.7888399,51.0898559,
3.7888887,51.0898205,
3.7888617,51.0898054,
3.7888897,51.0897989,
3.7889431,51.0898274,
3.7890169,51.0897734,
3.7889633,51.0897443,
